<?xml version="1.0" encoding="UTF-8"?>
<beans xsi:schemaLocation="http://www.springframework.org/schema/beans http://www.springframework.org/schema/beans/spring-beans.xsd http://www.springframework.org/schema/context http://www.springframework.org/schema/context/spring-context.xsd http://www.springframework.org/schema/mvc http://www.springframework.org/schema/mvc/spring-mvc.xsd" xmlns:context="http://www.springframework.org/schema/context" xmlns:mvc="http://www.springframework.org/schema/mvc" xmlns:xsi="http://www.w3.org/2001/XMLSchema-instance" xmlns="http://www.springframework.org/schema/beans">
<mvc:annotation-driven> </mvc:annotation-driven>
<context:component-scan base-package="com.cts"/>
<bean class="com.cts.Productdao" id="productDao">
<property ref="ds" name="dataSource"/>
</bean>
<bean class="org.apache.commons.dbcp.BasicDataSource" id="ds">
<property name="driverClassName" value="com.mysql.cj.jdbc.Driver"/>
<!-- value="com.mysql.jdbc.Driver" /> -->
<property name="url" value="jdbc:mysql://localhost:3306/jdbc"/>
<property name="username" value="root"/>
<property name="password" value="pass"/>
<property name="initialSize" value="2"/>
<property name="maxActive" value="5"/>
</bean>
</beans>